rsID,gene,chromosome,trait_model
rs312262906,MC1R,16,hair+skin
rs11547464,MC1R,16,hair+skin
rs885479,MC1R,16,hair+skin
rs1805008,MC1R,16,hair+skin
rs1805005,MC1R,16,hair+skin
rs1805006,MC1R,16,hair+skin
rs1805007,MC1R,16,hair+skin
rs1805009,MC1R,16,hair+skin
rs201326893_Y152OCH,MC1R,16,hair+skin
rs2228479,MC1R,16,hair+skin
rs1110400,MC1R,16,hair+skin
rs28777,SLC45A2,5,hair+skin
rs16891982,SLC45A2,5,eye+hair+skin
rs12821256,KITLG,12,hair
rs4959270,EXOC2,6,hair
rs12203592,IRF4,6,hair+skin
rs1042602,TYR,11,hair+skin
rs1800407,OCA2,15,eye
rs2402130,SLC24A4,14,eye+hair
rs12913832,HERC2,15,eye+hair+skin
rs2378249,PIGU/ASIP,20,hair
rs12896399,SLC24A4,14,eye+hair
rs1393350,TYR,11,eye+hair
rs683,TYRP1,9,hair
rs3114908,ASIP,20,skin
rs1800414,OCA2,15,skin
rs10756819,BNC2,9,skin
rs2238289,HERC2,15,skin
rs17128291,HERC2,15,skin
rs6497292,HERC2,15,skin
rs1129038,HERC2,15,skin
rs1667394,HERC2,15,skin
rs1126809,TYR,11,skin
rs1470608,OCA2,15,skin
rs1545397,OCA2,15,skin
rs6119471,ASIP,20,skin
rs6059655,RALY/ASIP,20,skin
rs12441727,OCA2,15,skin
rs3212355,MC1R,16,skin
rs8051733,DEF8/MC1R,16,skin
rs2504853,UGT1A,2,skin
